{"cameraMode":{"drawMode":0,"name":"Shaded","section":"Shading Mode"},"sceneLighting":true,"audioPlay":false,"sceneViewState":{"showFog":true,"showMaterialUpdate":false,"showSkybox":true,"showFlares":true,"showImageEffects":true,"showParticleSystems":true},"in2DMode":false,"pivot":{"x":3.124770164489746,"y":16.97245979309082,"z":-14.283904075622559},"rotation":{"x":-0.4558320641517639,"y":-0.026031222194433214,"z":0.012779043056070805,"w":-0.8900083899497986},"size":16.760480880737306,"orthographic":false}