{"cameraMode":{"drawMode":0,"name":"Shaded","section":"Shading Mode"},"sceneLighting":false,"audioPlay":false,"sceneViewState":{"showFog":true,"showMaterialUpdate":false,"showSkybox":false,"showFlares":true,"showImageEffects":true,"showParticleSystems":true},"in2DMode":false,"pivot":{"x":-5.192999839782715,"y":2.890000104904175,"z":-4.688000202178955},"rotation":{"x":0.02861190401017666,"y":-0.9119625091552734,"z":0.4043366014957428,"w":0.06504140049219132},"size":0.7144709229469299,"orthographic":false}